author,published_at,like_count,text
@anandhuanandhu4915,2026-09-08T06:10:15Z,0,Itu hittt
@CathyThomas-rm6pm,2026-09-07T14:17:48Z,0,sooo excitedd!!!🤩
@SuminSn,2026-09-07T14:10:49Z,0,This needs to be told.. 👌
@M4Marketing-l8n2s,2026-09-07T14:08:11Z,0,Sreenath is an excellent artist..
@heightsgmedia2540,2026-09-07T14:05:54Z,0,Concept ഇഷ്ടമായി.. പടം നന്നായാൽ ഉറപ്പായും ആൾ കേറും.. സാധാരണക്കാരുടെ കഥയല്ലേ
@RevenueTalks-dt7qm,2026-09-06T20:17:44Z,1,An important concept to be told.. surprised to see this.. good luck team
@Rawmango-w9b,2026-09-06T18:13:07Z,0,Sreenath bhasi = new dhyan sreenivasan ??
@pranayaparu,2026-09-06T14:29:06Z,0,ഭാസി തിയേറ്ററിൽ തീ പടർത്തും എന്ന് ഉറപ്പാണ്
@aravind-b1v,2026-09-06T14:28:41Z,0,Sreenath Bhasi will definitely nail this role
@DiyaMaria-l5k,2026-09-06T14:28:15Z,0,ശ്രീനാഥ് ഭാസിയുടെ വമ്പൻ തിരിച്ചുവരവ് പ്രതീക്ഷിക്കാം
@George-q6y9q,2026-09-06T14:26:58Z,0,Bhasi is going to score big with this film
@Manisha-w1z6i,2026-09-06T14:26:23Z,0,പടം വരുമ്പോൾ ഭാസിയുടെ കളി വേറെയായിരിക്കും
@aaravKrishna-e1p,2026-09-06T14:24:50Z,0,Sreenath Bhasi performance will be the main highlight
@SaraAnnaTeresa,2026-09-06T14:24:29Z,0,തിയേറ്ററിൽ ഭാസിയുടെ മാസ്സ് ആറാട്ട് ആയിരിക്കും
@vargeesemappila,2026-09-06T14:23:58Z,0,Bhasi screen periyill thakaarkkum ennathil samshayam illa
@annammachandy-t8r,2026-09-06T14:22:29Z,0,ഭാസിയുടെ കഥാപാത്രം വലിയൊരു സർപ്രൈസ് ആയിരിക്കും
@sarasara-u1o3n,2026-09-06T14:21:54Z,0,Sreenath Bhasi is going to give an exceptional performance
@Devanand-k6x,2026-09-06T14:19:49Z,0,ഇത്തവണ ഭാസി തിയേറ്ററുകൾ കീഴടക്കും
@ame-r6h,2026-09-06T14:19:26Z,0,Bhasiyude eeh movie valiya hit aakan chance undu
@MaliniMalu-n4z,2026-09-06T14:18:56Z,0,ശ്രീനാഥ് ഭാസിയുടെ കരിയറിലെ മികച്ച വേഷമായിരിക്കും ഇത്
@MaliniMalu-n4z,2026-09-06T14:17:31Z,0,Sreenath Bhasi will steal the show for sure
@NiyazSadique,2026-09-06T14:16:55Z,0,ഭാസി തകർത്താടും എന്ന് ടീസർ കണ്ടപ്പോൾ തന്നെ ഉറപ്പായി
@lisamma-d5c,2026-09-06T14:16:10Z,0,This movie will be a breakthrough for Sreenath Bhasi
@cyriacGeorge-p6h,2026-09-06T14:14:49Z,0,തിയേറ്ററിൽ ഭാസി ആരാധകർക്ക് വലിയ ആഘോഷമായിരിക്കും
@SreenishSreenu,2026-09-06T14:14:06Z,0,Bhasiyude acting power phadam varumbol kaanam
@wiseWilliam-v5t,2026-09-06T14:13:32Z,0,ഭാസിയുടെ പ്രകടനം കാണാൻ ആകാംഷയോടെ കാത്തിരിക്കുന്നു
@AnnaMathew-p5m,2026-09-06T14:12:43Z,0,Sreenath Bhasi will show his full power in theaters
@gopikagopoozz,2026-09-06T14:11:03Z,0,ശ്രീനാഥ് ഭാസി ഈ സിനിമയിലൂടെ എല്ലാവരെയും ഞെട്ടിക്കും
@MuhammadFaisal-m4h5q,2026-09-06T14:10:35Z,0,Bhasi fans can expect a total banger
@AbbyAbbin,2026-09-06T14:10:11Z,0,ഈ വർഷത്തെ ഭാസിയുടെ വമ്പൻ ഹിറ്റ് പടം ഇതായിരിക്കും
@AmmeDurge,2026-09-06T14:09:42Z,0,Sreenath Bhasi is going to rock the big screen
@palakkunnelamma,2026-09-06T14:09:09Z,0,തിയേറ്ററുകളിൽ ഭാസി തരംഗം സൃഷ്ടിക്കും
@GK-ko2un,2026-09-06T11:48:53Z,0,സംവിധായകൻ ശശിധര കെ എം മികച്ചൊരു മേക്കിംഗ് ആണ് കാഴ്ചവെച്ചിരിക്കുന്നത്
@mythoughts1180,2026-09-06T11:43:40Z,0,ഭാസിയുടെ ഈ മാസ് ലുക്ക് ആരാധകർക്ക് വലിയ വിരുന്നായിരിക്കും
@vinayanvinu209,2026-09-06T11:43:00Z,0,Sreenath Bhasi presence makes the scene whole
@Media-xv2gm,2026-09-06T11:41:52Z,0,ശ്രീനാഥ് ഭാസി പാടിയ ആ ഗാനം കേൾക്കാൻ കൊതിയാകുന്നു
@SharathSham-o8t,2026-09-06T11:40:13Z,0,Bhasiyude dialogue delivery eppozhum kidilan aanu
@arunmahesh2763,2026-09-06T11:39:30Z,0,Director Shashidhara KM vision is visible in every frame
@Venugopal-sm8ku,2026-09-06T11:39:05Z,0,Sreenath Bhasi always picks unique and distinct roles
@vishnugopal4936,2026-09-06T11:38:31Z,0,ശ്രീനാഥ് ഭാസി എന്ന നടന്റെ കഴിവിൽ പൂർണ്ണ വിശ്വാസമുണ്ട്
@ranjithrakhavan503,2026-09-06T11:36:22Z,0,പി എസ് ജയഹരിയുടെ സംഗീതം മനസ്സിന് കുളിർമ നൽകുന്നു
@unnirajm17,2026-09-06T11:35:10Z,0,Bhasi fans eebharathil aaghosham aakkum
@firozrashid5442,2026-09-06T11:34:27Z,0,Sreenath Bhasi performance is going to be top class
@twinklejaimy3952,2026-09-06T11:04:41Z,0,ശ്രീനാഥ് ഭാസി പാടുമ്പോൾ ആ പാട്ടിന് വേറൊരു വൈബ് ആണ്
@anjalisushama5817,2026-09-06T11:03:52Z,0,Bhasiyude eeh avatar thakaarthu
@Jeevas-k3s,2026-09-06T10:41:50Z,0,P S Jayhari background score elevates the entire teaser
@Diljith-e7i,2026-09-06T10:36:43Z,0,Waiting to see Sreenath Bhasi rule the big screen again
@Kavya-n6d,2026-09-06T10:34:25Z,0,ടീസറിലെ ക്വാളിറ്റിയും വിഷ്വലുകളും അടുത്ത ലെവൽ ആണ്
@Ansiba-d1h,2026-09-06T10:33:55Z,0,ശ്രീനാഥ് ഭാസി ഓരോ കഥാപാത്രവും വളരെ സ്വാഭാവികമായി ചെയ്യുന്നു
@Adrish-b8l,2026-09-06T10:28:44Z,0,Overall production value of this movie is impressive
@Jeri-j5g,2026-09-06T10:28:13Z,0,Bhasiyude voice and style vere level aanu
@Sachin-y5m4x,2026-09-06T10:27:36Z,0,Sreenath Bhasi acting always brings pure energy
@Sunil-o4w4v,2026-09-06T10:26:59Z,0,ഈ പടത്തിലൂടെ ശ്രീനാഥ് ഭാസി മാസ് തിരിച്ചു വരവ് നടത്തും
@Sandhya-b3t9m,2026-09-06T10:26:15Z,0,എല്ലാ അണിയറപ്രവർത്തകർക്കും എൻ്റെ ഹൃദയം നിറഞ്ഞ ആശംസകൾ
@Mithali-e5i,2026-09-06T10:25:44Z,0,Bhasiyude aah paattinayi kaathirikkunnu
@Mridula-t6v,2026-09-06T10:23:57Z,0,Sreenath Bhasi screen presence is unmatched here
@Suda-i1r,2026-09-06T10:23:10Z,0,ശ്രീനാഥ് ഭാസിയുടെ ഈ ഒരു ലുക്ക് എന്തായാലും കിടിലൻ ആയിട്ടുണ്ട്
@CinemaC4-pd5df,2026-09-06T08:30:24Z,0,kollaallo teaser... Nammudeyokke veettil nadakkunnapole.. maala parvathi typical amma.. Nalloru actor aanu sreenathbhasi.. pulliye screen il kaanan ellavarkkum ishtamanu.. boy next door... Padam pratheekshayund.. nallathayirikkumennu pratheekshikkunnu..
@sugandadas6564,2026-09-06T07:44:44Z,0,ടീസർ കണ്ടപ്പോൾ തന്നെ നല്ലൊരു കൗതുകം തോന്നി 🔥 സിനിമ എന്നാണ് ഇറങ്ങുന്നത്?
@sarathchandran8931,2026-09-06T07:36:54Z,0,ഭാസിയുടെ screen presence തന്നെ വേറെ level 🔥 ഈ സിനിമയ്ക്കായി കാത്തിരിക്കുന്നു
@mayasuresh4071,2026-09-06T07:36:26Z,0,ശ്രീനാഥ് ഭാസിയുടെ performance കാണാൻ excited ആണ് 🔥
@dileepm3894,2026-09-06T07:35:57Z,0,Bhasi fans waiting ❤️
@sharusharanya8984,2026-09-06T07:35:28Z,0,Cinema eppo release aavum? 😍🎬
@vrindajeevan9811,2026-09-06T07:33:49Z,0,സിനിമയുടെ റിലീസ് date ഉടൻ announce ചെയ്യണേ ❤️
@ansymerry236,2026-09-06T07:33:21Z,0,Credit Score ന് നല്ലൊരു theatrical experience പ്രതീക്ഷിക്കുന്നു… All the best team🎬🔥
@dayyanadaya4,2026-09-06T07:31:25Z,0,Bhasi യുടെ presence തന്നെ teaserന്റെ highlight ആയി തോന്നി 🔥
@ishanabdhulvahab32,2026-09-06T07:30:34Z,0,ശ്രീനാഥ് ഭാസിയെ ഈ കഥാപാത്രത്തിൽ കാണാൻ really excited ആണ്.
@jackyjack9746,2026-09-06T07:30:08Z,0,Bhasi + interesting storyline = waiting 🔥
@vinujohn7950,2026-09-06T07:29:41Z,0,നല്ലൊരു കഥയും നല്ല cast ഉം… സിനിമയ്ക്കായി കാത്തിരിക്കുന്നു.
@omarkhayam1127,2026-09-06T07:29:11Z,0,ശ്രീനാഥ് ഭാസിയുടെ expressions ❤️🔥
@balagopalbalu6198,2026-09-06T07:28:38Z,0,Release date please..Waiting to watch this in theatre 🙌
@vineeshgeorge9589,2026-09-06T07:28:00Z,0,ശ്രീനാഥ് ഭാസിയുടെ performance തീർച്ചയായും ശ്രദ്ധിക്കപ്പെടും 🔥
@BabuKumar-rx1ol,2026-09-06T07:27:33Z,0,Teaser കണ്ടപ്പോൾ ഒരു feel-good entertainer ആണെന്ന് തോന്നുന്നു ❤️
@KiranKiran-dt3cs,2026-09-06T07:27:03Z,0,Credit Score… title തന്നെ interesting ആണ് 👀
@shishirashishi379,2026-09-06T07:26:30Z,0,സിനിമയുടെ റിലീസ് date അറിയാനുള്ള ആകാംക്ഷയായി 🔥
@isahaqissa1570,2026-09-06T07:26:00Z,0,"Teaser looks clean, colourful and interesting"
@varunjosaph3298,2026-09-06T07:23:33Z,0,ശ്രീനാഥ് ഭാസി ഉള്ള സിനിമകൾക്ക് ഒരു പ്രത്യേക vibe തന്നെയുണ്ട് ❤️
@vijithamahesh5268,2026-09-06T07:22:57Z,0,"ടീസർ കണ്ടു ഇഷ്ടപ്പെട്ടു, ഇനി തീയേറ്ററിൽ കാണാൻ കാത്തിരിക്കുന്നു"
@sabusebastian1044,2026-09-06T07:22:13Z,0,Bhasi fans definitely waiting for this one 🔥
@niyasashraf6005,2026-09-06T07:21:43Z,0,A promising teaser with a fresh vibe ❤️
@alextomas8915,2026-09-06T07:21:10Z,0,ശ്രീനാഥ് ഭാസിയുടെ performance കാണാൻ excited ആണ്
@manulal-b8x,2026-09-06T07:20:44Z,0,Teaser നല്ലൊരു curiosity create ചെയ്തിട്ടുണ്ട് 👌
@seviarjohn8013,2026-09-06T07:20:18Z,0,റിലീസ് എപ്പോൾ?
@jeeva-w6d,2026-09-06T07:19:52Z,0,Credit Score looks interesting and different
@jansydaniel352,2026-09-06T07:19:21Z,0,ശ്രീനാഥ് ഭാസിയുടെ dialogue delivery 🔥🔥
@izinesiddique1243,2026-09-06T07:18:57Z,0,ഈ ടീസർ കണ്ടിട്ട് movie കാണാനുള്ള ആഗ്രഹം കൂടി
@syam4993,2026-09-06T07:18:28Z,0,Bhasi ❤️ always brings something different to the screen.
@adilsalman1182,2026-09-06T07:18:01Z,1,Teaser കണ്ടപ്പോൾ സിനിമയ്ക്ക് നല്ലൊരു feel ഉണ്ടെന്ന് തോന്നുന്നു.
@avani6165,2026-09-06T07:17:31Z,1,ശ്രീനാഥ് ഭാസി ഉള്ളത് തന്നെ ഒരു extra attraction ആണ് ❤️
@satheeshks5743,2026-09-06T07:17:01Z,0,release date?
@manjumanoj6025,2026-09-06T07:16:25Z,0,Teaser music and visuals എല്ലാം nice
@savyasavi8178,2026-09-06T07:15:53Z,0,"നല്ലൊരു concept പോലെ തോന്നുന്നു, waiting eagerly"
@salinisalu7140,2026-09-06T07:14:52Z,0,Bhasi യുടെ expressions തന്നെ enough to create curiosity ❤️
@shajahanshaju5234,2026-09-06T07:07:03Z,0,Credit Score looks fresh and promising 👌
@maheshmadusoothanan1560,2026-09-06T07:06:39Z,0,"Teaser കണ്ടു, ഇനി സിനിമയ്ക്കായി കാത്തിരിപ്പ് മാത്രം"
@vismayavichu9936,2026-09-06T07:06:15Z,0,ശ്രീനാഥ് ഭാസിയെ കാണുമ്പോൾ തന്നെ ഒരു different energy ആണ് 🔥
@diyafathima1861,2026-09-06T07:05:49Z,0,Release date ഒന്ന് പറയൂ… waiting 🔥
@sreepathmanabhan7449,2026-09-06T07:05:22Z,0,ശ്രീനാഥ് ഭാസിയുടെ screen presence always special 🔥
@anoopanu4935,2026-09-06T07:04:56Z,0,"Teaser nice ആയിട്ടുണ്ട്, waiting for the movie ❤️"
@joshjoshwa8476,2026-09-06T07:04:27Z,0,ഭാസിയുടെ character എന്തായിരിക്കുമെന്നറിയാൻ കാത്തിരിക്കുന്നു 👀
@Kavya-gf6ef,2026-09-06T07:04:01Z,0,Credit Score teaser കണ്ടപ്പോൾ തന്നെ curiosity കൂടി
@sevyar-yd,2026-09-06T07:03:05Z,0,Credit Score teaser കണ്ടപ്പോൾ തന്നെ curiosity കൂടി
@riyas-d1h,2026-09-06T07:02:38Z,0,ശ്രീനാഥ് ഭാസി വന്നാൽ performance guaranteed 🔥
@ammusvlog9733,2026-09-06T07:02:13Z,0,ടീസർ കണ്ടിട്ട് release date അറിയാൻ ആകാംക്ഷയായി ❤️
@jacobjac1568,2026-09-06T07:01:50Z,0,ഭാസിയുടെ presence തന്നെ വേറെ level ആണ് 🔥
@asanju-rn,2026-09-06T07:01:14Z,0,🔥 സിനിമ എന്നാണ് റിലീസ്
@manumridhula,2026-09-06T07:00:43Z,0,ടീസർ കണ്ടപ്പോൾ തന്നെ സിനിമയ്ക്കായി കാത്തിരിപ്പ് തുടങ്ങി
@AnasAnu-y1s,2026-09-06T05:16:10Z,0,Sreenath Bhasi nte character ariyan waiting
@nidheeshnarayan,2026-09-06T05:15:35Z,0,Sreenath Bhasi + Credit Score = promising combo
@shiyas-l2k,2026-09-06T05:14:47Z,0,ഭാസി ബായ് 👍q
@RintoAntony-i2o,2026-09-06T05:14:04Z,0,Teaser kandappol Bhasi nte performance kurich curiosity koodi.
@Harshan.KHarsh,2026-09-06T05:13:32Z,0,Bhasi nte acting vere level aayirikkum
@AkhileshMenon-x7o,2026-09-06T05:12:54Z,0,Sreenath Bhasi ❤️ natural performer
@HarisAhammed-z6y,2026-09-06T05:12:21Z,0,Credit Scoreil Sreenath Bhasi 🔥
@AbhishekNeyyar,2026-09-06T05:11:49Z,0,Sreenath Bhasi ❤️ What a performer
@AlvinfreddyAllu,2026-09-06T05:11:16Z,0,Bhasi  vere level aanu ❤️
@SuhasRajesh,2026-09-06T05:10:14Z,0,Sreenath Bhasi polikkum 💥
@GayaGangadhar,2026-09-06T05:09:31Z,0,Teaser kandittu expectations double aayi.
@SameerAhammad-ty5ov,2026-09-06T05:08:35Z,0,Ee teaser nalla hype create cheythittundu 🔥
@AyushRaju-d6o,2026-09-06T05:07:37Z,0,Sreenadh bhasi 😍nalla പ്രതീക്ഷയുണ്ട്.
@Sudhinsudhimon,2026-09-06T05:06:44Z,0,Sreenath Bhasi + strong supporting cast = promising
@SambhuSundharan,2026-09-06T05:06:10Z,0,Sabumon nte presences interesting aanu.
@SanilMartin,2026-09-06T05:05:32Z,0,Sreenath Bhasi once again looks promising ❤️
@RahulKumar-c8s5f,2026-09-06T05:04:44Z,0,Teaser kandappol movie theatreil kaanan thonnunnu.
@HakkimS-r7w,2026-09-06T05:04:12Z,0,"Sreenath Bhasi fans, ithu miss cheyyaruthu ❤️"
@Sreeparvathi-h2v,2026-09-06T05:03:38Z,0,Credit Score ❤️ waiting for release
@SreekanthNair-w3p,2026-09-06T05:03:08Z,0,Sreenath Bhasi performance kaanan excited aanu.
@Ajayajuthekk,2026-09-06T05:02:35Z,0,Suhasini Maniratnam ❤️ classy presence
@GouthamChakkingal,2026-09-06T05:01:43Z,0,Story enthaanu ennariyaan orupaadu curiosity undu.
@AkashKg-i7k,2026-09-06T05:01:00Z,0,"Music, visuals, casting എല്ലാം promising aanu ❤️"
@PankajKavilpad,2026-09-06T05:00:26Z,0,Credit Score definitely on my watchlist
@ChithiraN-kt6rx,2026-09-06T04:59:54Z,0,Sreenath Bhasi nte screen presence always special aanu 🔥
@NikeshNarayanan-k7x,2026-09-06T04:59:21Z,0,Teaser kandappol movie interesting aayirikkumennu urappayi.
@Edwinesthapanedwi,2026-09-06T04:58:42Z,0,Suhasini Maniratnam ❤️ Great addition to the cast.
@SravanDisoosa,2026-09-06T04:58:09Z,0,Credit Score teaser really caught my attention
@PradeepPrabakaran-b1p,2026-09-06T04:57:38Z,0,Team Credit Scoreinu best wishes ❤️
@MadhuchandranChandra,2026-09-06T04:56:51Z,0,Oru fresh and different movie experience pratheekshikkunnu 🔥
@VinayNambeesan,2026-09-06T04:56:15Z,0,Teaser kandittu release date ariyan waiting
@AlanAlfred-m1m,2026-09-06T04:55:42Z,0,Credit Score 🔥 Teaser looks absolutely promising
@Aansoor-sf4kh,2026-09-06T04:54:59Z,0,Credit Score – teaser thanne ithra interesting aanenkil movie vere level aayirikkum 🔥❤️👏
@Rahul-in1lp,2026-09-05T19:39:06Z,0,💣 loading
@srikanthc.r.,2026-09-05T18:49:58Z,0,"Nice teaser with very catchy back ground music, hope this movie will make lot of noise at the box office."
@Perme_Mentalhealth,2026-09-05T18:44:48Z,0,I feel youngsters should watch it.
@toyman359,2026-09-05T17:48:45Z,0,Seems interesting ❤❤❤
@praveenprabha2988,2026-09-05T16:47:04Z,0,Great cast and promising crew 👌
@abhijithanil6953,2026-09-05T16:46:33Z,0,Ithinte making valare impressive aanu.
@SidharthSuku,2026-09-05T16:45:56Z,0,Music കേട്ടപ്പോൾ തന്നെ teaser vibe set ആയി 🎧
@NajimiyaNaji,2026-09-05T16:45:22Z,0,Malayalam cinema il fresh attempt pole thonnunnu 🔥
@LukoseK-lh4vm,2026-09-05T16:42:55Z,0,Teaser kandappol movie different aayirikkumennu thonni.
@PravinP-dj5tc,2026-09-05T16:42:14Z,0,Cinematic feel nalla strong aanu 👌
@UjwalK-co5ek,2026-09-05T16:41:24Z,0,Credit Score looks very interesting
@SivaprasadS-m8k,2026-09-05T16:39:50Z,0,Credit Score teaser definitely attention grabbing 🔥
@Valsarajksvalsaraj,2026-09-05T16:39:05Z,0,Teaserinte visuals super aanu 🔥
@AmoolyaArun,2026-09-05T16:29:49Z,0,Ithinte storyline ariyan waiting
@AhlaadhMemon,2026-09-05T16:29:17Z,0,Cinematic feel nalla strong aanu 👌
@MidhunManikkan,2026-09-05T16:23:23Z,0,Sreenath Bhasi + Suhasini combo interesting
@sanishsatheesh,2026-09-05T16:22:14Z,0,P S Jayhari music ❤️🔥
@VinayachandraChandran,2026-09-05T16:21:40Z,0,💯making impressive aanu 🔥
@HarikrishnanThankan,2026-09-05T16:21:07Z,0,Ithoru different subject aanennu teaser kandappol thonni 👏
@Sarath-i1g,2026-09-05T16:20:34Z,0,Teaser music vere level aanu 🎶
@AdwaithD.R,2026-09-05T16:20:03Z,0,Suhasini Maniratnam varunnath thanne special aanu ✨
@NavaneethSekhar-l9q,2026-09-05T16:19:26Z,0,Teaserinte presentation adipoli aanu 🔥
@mohanlalfans-h6m,2026-09-05T14:45:54Z,0,ശരിക്കും കാത്തിരുന്ന ഒരു ഐറ്റം തന്നെയാണ് ഇത്
@annamma-o8q,2026-09-05T14:45:24Z,0,Shashidhara KM movie is going to be a masterpiece
@bhagyalakshmi6727,2026-09-05T14:44:54Z,0,Jayhariyude eeh bgm vere vibe aanu
@ameliaGeorge-n9u,2026-09-05T14:44:21Z,0,സിനിമയുടെ വിഷ്വലുകൾ ഒന്നൊന്നര ലുക്ക് ഉണ്ട്
@chandroosartgalary4484,2026-09-05T14:43:45Z,0,Sreenath Bhasi fans are going to love this
@subairsubi7221,2026-09-05T14:43:16Z,0,Eeh paattinte full version eppo varum
@Kannan-p6s,2026-09-05T14:42:36Z,0,ഡയറക്ഷൻ മികവ് ടീസറിൽ വ്യക്തമായി കാണാം
@noora-f9v,2026-09-05T13:16:26Z,0,The cinematography looks absolutely stunning here
@durgalakshmi8938,2026-09-05T13:13:49Z,0,Padathinte hype ithode vere level aayi
@aaryanari-j3x,2026-09-05T13:13:15Z,0,പാട്ട് പാടിയത് ഭാസി ആണെന്നത് വമ്പൻ സസ്‌പെൻസ് ആയി
@salmandq9501,2026-09-05T13:12:32Z,0,Waiting to experience this movie in theaters
@priyamanu5627,2026-09-05T13:11:25Z,0,Teaser cut super aayi cheythittund
@Varkky-x9v,2026-09-05T13:08:08Z,0,ഒരു കിടിലൻ മ്യൂസിക്കൽ ട്രീറ്റ് പ്രതീഷിക്കാം
@sijoantonty,2026-09-05T13:07:34Z,0,Sreenath Bhasi is back with full power
@govindgopalan918,2026-09-05T13:06:52Z,0,P S Jayhari music eppozhum oru alambhavan aanu
@Vaishnav-t2c,2026-09-05T13:06:11Z,0,ഫ്രെയിമുകൾ ഓരോന്നും കണ്ണിന് കുളിർമ നൽകുന്നു
@anuapamaanu,2026-09-05T13:05:33Z,0,Shashidhara KM direction supreme quality aanu
@veenasatheesh-l8l,2026-09-05T13:04:59Z,0,Bhasiyude eeh new avatar thakaarthu
@shivashankaran-b9u,2026-09-05T13:04:19Z,0,സിനിമയുടെ പശ്ചാത്തല സംഗീതം വേറെ തലമാണ്
@richumichael5164,2026-09-05T13:03:47Z,0,Superb response guaranteed for this movie
@shambushambu4790,2026-09-05T13:03:14Z,0,Teaser kaanumbol thanne ithu hit aakumennu urappanu
@achuvaydiaruparambil7672,2026-09-05T13:02:04Z,0,പ്രതീക്ഷിച്ചതിലും വലിയൊരു അനുഭവമായി മാറും
@royroy5002,2026-09-05T13:01:24Z,0,Top tier production value in every single scene
@koyasvlogs1816,2026-09-05T13:00:48Z,0,Sreenath Bhasiyude paattu kettaal pinne vere onnum vendilla
@sheethal7131,2026-09-05T13:00:12Z,0,തീർച്ചയായും ഇത് തിയേറ്ററുകളിൽ വലിയ തരംഗമുണ്ടാക്കും
@vineethaprasad6163,2026-09-05T12:57:35Z,0,എന്തായാലും പടം പൊളിക്കും എന്ന് ഉറപ്പാണ്
@sriyasaramariyam,2026-09-05T12:57:01Z,0,Directed by Shashidhara KM super excited for this
@binjubinoy2117,2026-09-05T12:56:33Z,0,Sreenath Bhasiyude kidilan comeback aayirikkum ithu
@markmaria8591,2026-09-05T12:55:44Z,0,ടീസർ കേട്ടപ്പോൾ തന്നെ ബിജിഎം മനസിൽ കേറിപ്പറ്റി
@avaneeshappu8596,2026-09-05T12:54:30Z,0,P S Jayhari's music is going to be top-notch
@rubiannaelisabath7878,2026-09-05T12:53:52Z,0,Bhasiyude aah paattinayi kaathirippaanu
@annaanniesvlog6210,2026-09-05T12:53:16Z,0,മാസ് ടീസർ ക്വാളിറ്റിയുടെ കാര്യത്തിൽ ഒരു വിട്ടുവീഴ്ചയുമില്ല
@Ganeshganesh-qn3eq,2026-09-05T12:52:16Z,0,The overall visual quality of this teaser is outstanding
@anjalisushama5817,2026-09-05T12:51:38Z,0,P S Jayhari music magic eppozhum വമ്പൻ hit aakam
@GK-ko2un,2026-09-05T12:50:51Z,0,കാത്തിരുന്നതിന് ഫലമുണ്ട് എന്തൊരു വിഷ്വൽ ട്രീറ്റ് ആണ്
@sreeparvathi1658,2026-09-05T12:50:11Z,0,Eagerly waiting for Sreenath Bhasi's magic on screen
@mythoughts1180,2026-09-05T12:49:20Z,0,Teaser music kettittu romancham vannu
@vinayanvinu209,2026-09-05T12:48:06Z,0,ശശിധര കെ എം സംവിധാനം ചെയ്യുമ്പോൾ ലവൽ വേറെ ആയിരിക്കും
@anjusmagicbrush1020,2026-09-05T12:46:12Z,0,This director-actor combination is going to work wonders
@Media-xv2gm,2026-09-05T12:45:27Z,0,Sreenath Bhasiyude actingil entho valiya sambhavam thonnunnu
@AlliGiri-f6e,2026-09-05T12:44:29Z,0,സിനിമ തിയേറ്ററിൽ തന്നെ കാണേണ്ട അവസ്ഥയാണ് അത്രയ്ക്കും ക്വാളിറ്റി
@suryasomasekhar8408,2026-09-05T12:42:57Z,0,Can't wait to hear the full song sung by Sreenath Bhasi
@SharathSham-o8t,2026-09-05T12:42:14Z,0,Teaser quality kaanumbol thanne padathinte standard manasilaakam
@arunmahesh2763,2026-09-05T12:38:25Z,0,മ്യൂസിക്കും വിഷ്വൽസും കണ്ടിട്ട് നെക്സ്റ്റ് ലെവൽ എന്ന് തന്നെ പറയാം
@Venugopal-sm8ku,2026-09-05T12:36:31Z,0,Shashidhara KM has done an amazing job with the teaser
@vishnugopal4936,2026-09-05T12:35:39Z,0,P S Jayhari background music vere level aakkiyittund
@ranjithrakhavan503,2026-09-05T12:35:05Z,0,ഇതിലെ പാട്ടിനായുള്ള കാത്തിരിപ്പ് ഇനി നീളില്ല എന്ന് കരുതുന്നു
@unnirajm17,2026-09-05T12:34:11Z,0,Everything in this teaser looks super impressive and promising
@firozrashid5442,2026-09-05T12:31:44Z,0,Bhasiyude paattum padavum orumichu aaghosham aakkum
@twinklejaimy3952,2026-09-05T12:31:08Z,0,ടീസർ ഇത്രയും കൊള്ളാമെങ്കിൽ പടം വമ്പൻ ഹിറ്റാകും
@harikrishnan2481,2026-09-05T06:43:58Z,0,"Teaser 💥
Sreenath bhasi, 100%  talented actor from our industry."
@ananthukrishnan6170,2026-09-04T22:53:26Z,0,ഒരു ബോംബ് കഥ
@pradeepmalgudi7743,2026-09-04T15:47:35Z,0,"Promising content  
cibil score based fist movie 
All the best director and all team💐"
@rahumathabdulsalam8672,2026-09-04T15:35:44Z,0,"Loved the teaser! Looks like the story of an ordinary man, but Bhasi seems to have nailed it. He’s surely going to score!"
@mousoomiaslam8009,2026-09-04T15:34:49Z,0,A promising teaser.. looks like a clean entertainer.. Bhasi as an ordinary man with his natural acting skills.. aaha this will definitely be a comeback of him.. sreenath bhasi🔥
@nijogeorge8996,2026-09-04T15:32:34Z,0,"Bhasiii moneee neee credit score anguuu increase akkikkoo, nummaaaa unddd koodeeee ❤ all the best bhasiii & team 🔥"
@vineethpayyamcode8,2026-09-04T15:17:48Z,0,Trailor കണ്ടപ്പോഴേ പടം പൊട്ടിയെന്നു ഉറപ്പിച്ചു 😅
@AjmalN-l2g,2026-09-04T12:04:53Z,0,"Teaser looks cool, and it seems like a decent movie a lot of young people can relate to these days."
@ashoksetty1659,2026-09-04T10:33:34Z,0,@Shashidhara KM I hope you have voice dubbed version for other languages
@KDMR-s1m7b,2026-09-04T05:17:47Z,0,Oh bhaaaasi... U r already field out. Why such actions
@gokulnathn9409,2026-09-04T03:51:31Z,0,"കൃഷി അഭിവൃദ്ധിപ്പെടുന്നു, ഭരണനിർവ്വഹണം മെച്ചപ്പെടുന്നു, ലോകമെമ്പാടുമുള്ള ജനങ്ങളുടെ മുഖത്ത് പുഞ്ചിരി വിരിയുന്നു. സകല ജീവജാലങ്ങളും എല്ലാവിധ അനുഗ്രഹങ്ങളും ആസ്വദിച്ച് സന്തോഷത്തോടെ ജീവിക്കുന്നു. ലോകം നിലനിൽക്കട്ടെ; സമൃദ്ധിയോടെ നിലനിൽക്കട്ടെ. നല്ല കാര്യങ്ങൾ സംഭവിക്കുന്നു; നല്ല കാര്യങ്ങൾ സംഭവിക്കട്ടെ. നല്ല കാര്യങ്ങൾ സംഭവിക്കും."
@aneeshkumar2103,2026-09-04T03:29:13Z,0,ഇത് ചിലപ്പോൾ കത്തും
@prasanthm8122,2026-09-04T01:38:36Z,0,700
@johnfp1061,2026-09-03T19:28:50Z,1,Ithu entha kannu adichu pokuna reethiyil ula colour grading? Looks like some 2010-2015 time il eranghiya padam!
@SarveshPradeep0172-2,2026-09-03T18:14:23Z,0,Colour Grading കണ്ട് പടം കാണാനുള്ള mood പോയി🥀🥴 ejjaaathi padam
@Truthfinder0007,2026-09-03T17:52:20Z,2,BKU ശേഷം അടുത്ത 299 കോടി പടം....🎉🎉🎉
@ammucs9802,2026-09-03T17:28:50Z,0,Waitting 😍
@kidzcapita,2026-09-03T17:16:23Z,1,ഒരു നല്ല പേര് പോലും ഇടാൻ വയ്യെ
@ebin_c_babu,2026-09-03T17:08:01Z,0,short film ano
@Lolipop_comedy,2026-09-03T17:00:50Z,0,Pan indian gund 😂
@Vishnudevan,2026-09-03T16:41:47Z,1,ഇത് ഇനി എന്ത് ആവുമോ എന്തോ അശ്വന്ത് കോക്ക് വലിച്ച് കീറുമോ ആവോ
@NaseemaSharaf-h3z,2026-09-03T16:35:30Z,0,All the best ❤
@shadowslayer2248,2026-09-03T16:24:38Z,0,"Oru valiya gund pottan ready aayi nilkunund, kathirunnu kanam"
@sagars1977,2026-09-03T16:14:51Z,0,All the best......🎉❤
@vysali_1,2026-09-03T15:59:28Z,0,😍😍😍🔥🔥
@muhsinmansoor,2026-09-03T15:55:19Z,0,Oh baaaasi 😢😢😢
@silverfang4510,2026-09-03T15:52:17Z,0,Gund
@PolicyPartners,2026-09-03T15:47:34Z,0,Nice
@jagadheeshprasadmovies8100,2026-09-03T15:47:06Z,0,❤❤❤❤❤❤❤
@AdarshSuresh-l4n,2026-09-03T15:47:03Z,0,"കപ്പേല, ഹോം ഈ സിനിമകൾ വഴി നല്ലരീതിയിൽ stardom ഡെവലപ്പ് ആയ ആക്ടർ ആണ് പിന്നീട് എല്ലാം ഒറ്റ അടിക്കുനശിച്ചു"
@arunvijay6454,2026-09-03T15:38:13Z,1,ആ പ്രൊഡ്യൂസർ തലക്കി പ്രാന്ത്‌ പിടിച്ചു കാണും 😂😂ഇവൻ കാരണം 😂.
@shivms5439,2026-09-03T15:36:23Z,0,"Very interesting, waiting to watch the movie."
@TeamKunjippuzhubyNikhilLena,2026-09-03T15:36:04Z,7,0:47 ഉള്ള ചേട്ടൻ കിടു ആണ്..! ❤️🫣😬
@AFMUSIC-h4,2026-09-03T15:32:38Z,0,NICE AL THE BEST
@anuchristopher4688,2026-09-03T15:28:25Z,0,❤❤❤🎉🎉🎉
@anilanil2420,2026-09-03T15:26:02Z,6,"പടം   പൊട്ടുകയോ...
വിജയിക്കുകയോ.... എന്തേലും... ആവട്ടെ..
ഈ.... സ്കോർ.. എങ്ങനെ  മാനേജ്... ചെയ്യാം... ന്ന് . അറിഞ്ഞാ  മതി. 👍"
@maanasr298,2026-09-03T15:11:27Z,2,Chandni ye kand pazhaya Mrithika orma vanna aarelum undo🔥😅
@talkoftheday9879,2026-09-03T15:05:55Z,0,Nice one
@lukesamkuruvila,2026-09-03T14:59:57Z,0,പൻഇന്ത്യൻ സിനിമയാക്കാൻ ആണോ എല്ലാ ഭാഷയിലും ഇറക്കുന്നത് 😮
@crazy1050,2026-09-03T14:56:49Z,0,Credit Score sreenath bhasi blockbuster movie 🍿❤🎉🎉🎉🎉🎉🎉💓💓💓💓💓😎😎😎😎😎😎😎😇😇😇😇😇😘😘😘😘😘😘😘🫡🫡🫡🫡🫡🫡🫡👋👋👋👋👍👋👋👋👋👋👋👋👍👍👍
@crazy1050,2026-09-03T14:56:45Z,1,Credit Score sreenath bhasi blockbuster movie 🍿❤🎉🎉🎉🎉🎉🎉💓💓💓💓💓😎😎😎😎😎😎😎😇😇😇😇😇😘😘😘😘😘😘😘🫡🫡🫡🫡🫡🫡🫡👋👋👋👋👍👋👋👋👋👋👋👋👍👍👍
@scamer-l2z,2026-09-03T14:50:35Z,9,One of the best movie i watched on last 10 years
@aesdoc,2026-09-03T14:48:54Z,26,PETTIKADA LUCKY BASKHAR
@rajinik3829,2026-09-03T14:17:56Z,28,Ethu 2012il iragiyal hit adichene
@mujeebrehman422,2026-09-03T14:08:19Z,1,❤❤❤
@cenimaetech9301,2026-09-03T14:06:48Z,1,ഞാൻ EMI ആണ്
@abdulshuhaib2751,2026-09-03T14:06:48Z,78,ധ്യാൻ പോലെ മലയാള സിനിമയെക് ബോംബ് ഇടാൻ ശ്രീനാഥ് ഭാസിയും🫣😊
@mangotech2165,2026-09-03T14:01:56Z,3,Promising 👌
@avjfamily1109,2026-09-03T13:58:28Z,4,Such a unique and relatable concept! Bringing an everyday financial reality to the big screen is truly commendable. Wishing the entire team huge success! ❤️👏
@ravimba1732,2026-09-03T13:52:42Z,5,All the best for shashidhar and team from Karnataka
@USA6rz,2026-09-03T13:52:08Z,2,❤❤❤
@SJstoriesyoutube,2026-09-03T13:44:08Z,2,Nokhilettan lena chechii pramodettan 🫂🫂
@nipunjoseph4616,2026-09-03T13:41:14Z,1,Credit score und. Cash ila. Main thing * pennu ila
@JaseelCk-vj6ru,2026-09-03T13:32:28Z,2,All the best
@zoro-h9z7b,2026-09-03T13:31:51Z,15,Next bomb loading 😂
@madhumalleshappa2706,2026-09-03T13:28:04Z,1,Very nice all the best ❤
@musingsofmadras,2026-09-03T12:55:40Z,82,Ithennaa 2012 oh?
@sevenstar_Avs,2026-09-03T12:55:13Z,32,Baside എല്ലാ പടങ്ങളും ഒരേ യൂണിവേഴ്സ് ആണ്
@AjmalAfsal-u9k,2026-09-03T11:58:10Z,25,adutha bomb 💣
@UmeshThimmegowda-x6m,2026-09-03T11:49:44Z,2,"The teaser looks very interesting and impressive. It seems like the story beautifully explores a situation that is relevant to the present-day lives of many individuals. The concept looks intriguing, and I’m really looking forward to watching the film.

Wishing the entire team all the very best and great success! 🎬✨"
